{
    "data": [
        [
            {
                "url": "1.jpg",
                "alt": "Image Alt 1"
            },
            {
                "url": "2.jpg",
                "alt": "Image Alt 2"
            },
            {
                "url": "3.jpg",
                "alt": "Image Alt 3"
            }
        ],
        [
            {
                "url": "4.jpg",
                "alt": "Image Alt 4"
            },
            {
                "url": "5.jpg",
                "alt": "Image Alt 52"
            },
            {
                "url": "6.jpg",
                "alt": "Image Alt 6"
            }
        ]
    ]
}